lau_luwei	LAU LU WEI	PTE	MSP 1
cabrera_kyle	CABRERA KYLE MATTHEW PANGILINAN	PTE	MSP 1
harry_seah	HARRY SEAH HE YU	PTE	MSP 2
muhammad_danial	MUHAMMAD DANIAL BIN ABDUL YAZID	PTE	MSP 2
hyder_harriz	HYDER HARRIZ BIN HIRMAN	LCP	MSP 3
brandon_wong	BRANDON WONG YONG XIANG	CPL	MSP 3
min_wai	MIN WAI PHYO	3SG	MSP 4
yuji_matsumura	YUJI MATSUMURA	2SG	MSP 4